{"iterations": [1, 2, 3, 4, 5, 6, 7, 8, 9, 10, 11, 12, 13, 14, 15, 16, 17, 18, 19, 20, 21, 22, 23, 24, 25, 26, 27, 28, 29, 30, 31, 32, 33, 34, 35, 36, 37, 38, 39, 40, 41, 42, 43, 44, 45, 46, 47, 48, 49, 50, 51, 52, 53, 54, 55, 56, 57, 58, 59, 60, 61, 62, 63, 64, 65, 66, 67, 68, 69, 70, 71, 72, 73, 74, 75, 76, 77, 78, 79, 80, 81, 82, 83, 84, 85, 86, 87, 88, 89, 90, 91, 92, 93, 94, 95, 96, 97, 98, 99, 100, 101, 102, 103, 104, 105, 106, 107, 108, 109, 110, 111, 112, 113, 114, 115, 116, 117, 118, 119, 120, 121, 122, 123, 124, 125, 126, 127, 128, 129, 130, 131, 132, 133, 134, 135, 136, 137, 138, 139, 140, 141, 142, 143, 144, 145, 146, 147, 148, 149, 150, 151, 152, 153, 154, 155, 156, 157, 158, 159, 160, 161, 162, 163, 164, 165, 166, 167, 168, 169, 170, 171, 172, 173, 174, 175, 176, 177, 178, 179, 180, 181, 182, 183, 184, 185, 186, 187, 188, 189, 190, 191, 192, 193, 194, 195, 196, 197, 198, 199, 200], "conductances": [0.0015620071094525501, 0.001557680445737091, 0.0015634416883183056, 0.0015628566840528515, 0.001554890117294102, 0.0015562033165832248, 0.0015555534442316088, 0.001555343808228304, 0.0015590969612139635, 0.0015572044162055515, 0.0015558269287745798, 0.0015543542970499666, 0.0015545782900011978, 0.0015618610028250647, 0.001558743687850188, 0.0015638606894441778, 0.0015554069398137748, 0.0015546757927790793, 0.0015554181577901451, 0.001560712909983562, 0.0015576485433611248, 0.0015560264204604666, 0.001560061122433816, 0.00156022694448122, 0.0015583730694756369, 0.0015588146158697544, 0.001561428343419055, 0.0015560395753440595, 0.0015600649648405973, 0.001558123271665382, 0.001558594251742049, 0.0015536628464024793, 0.001553755005102237, 0.0015604866220639603, 0.0015575276350813772, 0.001559808276868098, 0.0015599228685821544, 0.001554221866859289, 0.001559875482318261, 0.00155892706940325, 0.001560506712462338, 0.0015543213195570752, 0.0015570716866963176, 0.0015599349672342385, 0.0015565441085704282, 0.0015592966056450675, 0.0015617705008438654, 0.0015607651739541763, 0.0015642144354431752, 0.0015627821378826519, 0.0015631041695351588, 0.0015554563654075866, 0.0015575058488392522, 0.0015556822085518909, 0.0015576053281651167, 0.0015570397530987974, 0.0015558137411216149, 0.0015562641055074332, 0.001563653542179749, 0.0015564437094773957, 0.0015569828576231964, 0.0015551805616422552, 0.0015612122961188913, 0.001555786405429628, 0.0015593384632291243, 0.001559786968524446, 0.0015582404960356746, 0.001556995150778174, 0.0015614155283797037, 0.0015586008403360371, 0.0015518714213952807, 0.001561427975375728, 0.001555082889632975, 0.001555692573126938, 0.0015569731111425417, 0.0015553374204698514, 0.001557552265321153, 0.001558442400559633, 0.0015572883808467838, 0.001555400594471522, 0.0015562191834838006, 0.0015551864495296432, 0.0015591443793607498, 0.001562015969704847, 0.001560849510750246, 0.0015640167340404082, 0.0015638553442137197, 0.0015558214883062895, 0.0015596101452735247, 0.001553885876288734, 0.001556874154101006, 0.0015597817328806974, 0.0015621447519601585, 0.0015572909468700932, 0.0015605321888738945, 0.001555113025563149, 0.0015587038432104978, 0.0015565473720003163, 0.001562378708131469, 0.001558409307250477, 0.001554013909039698, 0.001561176588789714, 0.001560459130932523, 0.001554598547911457, 0.0015606384880046357, 0.0015574073088140531, 0.001562090764023582, 0.0015559450637457621, 0.0015611335388982786, 0.0015605608668316248, 0.001554978061036839, 0.0015580671008382548, 0.0015627940591741384, 0.0015599214175697385, 0.0015588142646688658, 0.0015571887614030803, 0.001556953694564447, 0.0015564828449403589, 0.001555138783514601, 0.0015546718493165328, 0.0015577068224561243, 0.0015571109625467767, 0.0015584057689576646, 0.0015566735181111813, 0.0015603230085142813, 0.0015559869803567921, 0.00156032557291122, 0.0015557223399993783, 0.0015516419806628125, 0.0015552858847909829, 0.0015593171498510328, 0.0015568345597355335, 0.0015592715958245376, 0.0015563493963919196, 0.0015615240962356606, 0.0015598011860205134, 0.001562259410827643, 0.00155929478934722, 0.0015641772623860995, 0.0015518703446056195, 0.001556941030139033, 0.0015548315998880182, 0.001558415887668862, 0.0015548477233964658, 0.0015575985600860091, 0.0015562289667457674, 0.001554670323969394, 0.0015563126879121244, 0.0015590359444544349, 0.001558930082468421, 0.0015564557202521177, 0.0015578689131611034, 0.0015623234451139687, 0.0015588113703010002, 0.0015641608787725788, 0.0015573084148796318, 0.0015569285598484631, 0.0015541821250476683, 0.0015753681896844983, 0.0015606381328235296, 0.001559608290305873, 0.0015582059263088224, 0.0015622659816594301, 0.0015546188431737615, 0.001558593085452175, 0.0015556513902392007, 0.0015553002813460345, 0.001579716986785281, 0.0015605464964040092, 0.0015658819783202517, 0.001557716092163783, 0.001559641220809343, 0.0015604850220437912, 0.0015584704818035063, 0.0015615782107703492, 0.0015596325337053545, 0.0015546969701229164, 0.0015543549036690406, 0.0015603993406547159, 0.0015578625767636888, 0.0015557436923558615, 0.0015558993637027508, 0.0015575886972984863, 0.0015575355066954736, 0.0015593032022098007, 0.0015559010079738594, 0.0015538940470605377, 0.0015580887811864315, 0.0015609120408182548, 0.001560615295096513, 0.0015587076548733716, 0.001558173641192332, 0.001555779907264983, 0.0015597617149811964, 0.0015604188298382186, 0.0015588780001444692, 0.0015592069834983752, 0.0015591621587080985, 0.0015583292485878153, 0.0015550160085700535], "standard deviation": 3.3657138898858975e-06, "variance": 1.1328029988570858e-11, "mean": 0.0015583749512076632,